,Name,Season,Region,Games,Win rate,K:D,GPM,GDM,Game duration,Kills / game,Deaths / game,Towers killed,Towers lost,FB%,FT%,DRAPG,DRA%,HERPG,HER%,DRA@15,TD@15,GD@15,PPG,NASHPG,NASH%,CSM,DPM,WPM,VWPM,WCPM
0,100 Challengers,S13,NA,12,58.3%,1.31,1870,108,30:53,16.5,12.5,6.8,5.2,75.0,58.3,2.17,54.2,1.00,50.0,0.83,-0.1,60,4.25,0.67,65.5,32.3,2467,2.9,0.92,1.10
1,100 Thieves,S13,NA,4,75.0%,1.69,1925,268,30:31,14.8,8.8,8.3,3.8,75.0,75.0,3.00,75.0,1.25,62.5,1.00,0.3,3025,4.75,1.00,100.0,34.0,2328,2.8,0.91,1.27
2,3BL Esports,S13,AL,3,33.3%,0.98,1770,-6,32:41,15.0,15.0,3.3,8.0,100.0,-,2.67,58.3,0.33,16.7,1.00,-0.7,-2032,1.67,0.67,66.7,32.0,2131,2.6,0.84,1.45
3,5 Ronin,S13,TR,4,25.0%,0.93,1662,-188,31:15,10.0,10.8,3.3,8.3,50.0,25.0,2.00,43.3,0.75,37.5,0.75,-0.3,-356,2.50,0.50,25.0,29.9,2057,2.7,1.09,1.07
4,Aegis,S13,FR,6,33.3%,0.81,1721,-157,32:26,11.3,13.8,5.5,7.5,50.0,50.0,2.00,45.3,0.83,41.7,1.00,0.3,-47,3.50,0.67,33.3,31.9,1852,2.6,0.99,1.35
5,Akroma,S13,FR,8,25.0%,0.80,1732,-143,32:27,12.9,16.0,5.1,7.3,50.0,62.5,2.00,36.3,1.00,50.0,0.88,0.3,-110,3.00,1.25,56.3,29.6,1908,2.8,1.04,1.06
6,Alior Bank Team,S13,PL,7,42.9%,0.87,1738,-66,31:42,10.6,12.1,5.1,7.1,42.9,42.9,2.14,52.9,1.00,50.0,0.71,-0.4,-1224,3.43,0.57,42.9,32.6,1912,2.7,1.00,1.30
7,All Knights,S13,LAT,5,20.0%,0.37,1595,-326,28:29,4.6,12.6,3.2,8.0,20.0,20.0,1.40,34.7,0.00,0.0,1.00,-0.6,-2731,1.60,0.40,25.0,32.2,1579,3.0,1.15,1.31
8,aNc Outplayed,S13,IT,4,100.0%,1.75,2050,343,33:44,22.3,12.8,9.5,3.3,25.0,100.0,4.00,80.8,1.50,75.0,1.25,0.8,2534,9.00,1.50,91.7,32.0,2792,3.2,1.01,1.49
9,Ankora Gaming,S13,RS,5,0.0%,0.40,1558,-421,31:13,6.4,16.2,1.6,10.2,20.0,20.0,1.80,40.0,0.60,30.0,1.00,-0.2,-1995,1.40,0.00,0.0,30.3,1578,2.6,0.86,1.03
10,Anorthosis Famagusta Esports,S13,GR,4,100.0%,2.08,2089,464,30:54,19.3,9.3,9.5,3.0,100.0,75.0,3.25,74.1,1.50,75.0,1.00,1.0,4344,7.25,1.25,91.7,34.2,2711,3.2,1.00,1.32
11,Anubis Gaming,S13,AL,3,0.0%,0.22,1525,-525,26:33,4.3,20.0,2.3,9.0,33.3,66.7,0.67,16.7,0.67,33.3,0.33,-0.3,-2440,4.33,0.00,0.0,28.5,1777,2.6,0.87,0.88
12,Anyone s Legend,S13,CN,12,16.7%,0.57,1632,-277,31:46,8.0,14.0,4.3,7.8,50.0,33.3,1.58,33.6,-,-,-,-,-,-,0.33,16.7,31.3,1984,-,-,-
13,AOE Esports,S13,NA,12,33.3%,0.70,1727,-171,34:12,12.7,18.0,4.4,8.1,16.7,25.0,2.17,39.8,0.50,25.0,1.08,-0.3,-1153,3.17,1.17,38.8,30.8,2410,2.7,0.65,1.35
14,Astralis,S13,EUW,8,37.5%,0.75,1715,-115,31:19,11.9,15.8,5.0,7.1,75.0,75.0,1.50,31.7,0.88,43.8,0.63,0.0,-411,5.63,0.50,35.7,29.3,2172,3.5,1.15,1.30
15,Atletec,S13,FR,8,50.0%,0.88,1767,-35,30:23,11.6,13.3,4.9,6.3,50.0,62.5,2.25,53.8,1.00,50.0,0.88,-0.1,120,2.75,0.50,37.5,32.3,1898,2.6,0.92,1.28
16,AXIZ,S13,JP,4,50.0%,0.75,1729,-81,33:04,12.8,17.0,5.8,6.5,25.0,50.0,1.50,33.3,1.00,50.0,0.50,0.0,136,5.25,0.50,33.3,30.1,2278,3.0,1.36,1.25
17,Axolotl,S13,IT,4,50.0%,1.36,1812,25,28:10,15.3,11.3,6.0,5.3,100.0,75.0,2.25,57.1,1.00,50.0,1.50,0.0,504,2.75,0.50,50.0,31.7,2314,2.8,0.81,1.28
18,AYM Esports,S13,ES,6,16.7%,0.59,1727,-202,31:23,10.7,18.0,5.3,8.5,33.3,50.0,2.00,46.7,0.67,33.3,1.17,0.2,-734,3.50,0.50,33.3,31.4,1850,2.8,1.02,1.19
19,Bar√ßa eSports,S13,ES,7,57.1%,0.96,1771,-51,37:40,12.3,12.9,7.7,6.7,28.6,42.9,2.14,39.4,0.71,35.7,1.00,0.0,-888,3.43,0.86,47.6,32.8,2197,3.1,0.99,1.60
20,beGenius ESC,S13,FR,8,50.0%,1.14,1827,112,36:50,14.3,12.5,7.4,6.4,37.5,50.0,2.50,48.3,1.13,56.3,0.50,0.0,-205,4.25,1.25,68.8,31.4,2410,3.2,1.17,1.42
21,Benelux United,S13,BE,4,75.0%,1.72,1901,240,34:39,16.8,9.8,7.8,4.8,50.0,50.0,3.75,70.8,0.75,37.5,1.75,0.0,250,3.00,1.50,75.0,32.5,2228,3.1,1.02,1.28
22,Berlin International Gaming,S13,DE,6,33.3%,0.86,1841,5,32:53,14.5,16.8,6.0,6.8,66.7,33.3,2.50,54.2,1.50,75.0,1.00,0.0,1349,5.00,0.50,33.3,32.4,2309,3.0,1.07,1.36
23,Besiktas Esports,S13,TR,4,25.0%,0.67,1693,-123,33:39,9.8,14.5,4.8,8.0,50.0,50.0,1.00,26.7,0.75,37.5,0.25,0.0,-1409,2.50,0.25,25.0,30.9,1783,3.2,1.43,1.35
24,Beyond Gaming,S13,PCS,3,33.3%,0.61,1620,-65,35:39,5.7,9.3,5.3,5.7,33.3,100.0,2.00,43.3,1.00,50.0,1.00,0.0,480,2.33,0.33,33.3,31.7,2042,3.9,1.51,1.67
25,Bilibili Gaming,S13,CN,9,55.6%,1.04,1857,98,35:55,15.2,14.7,7.8,5.4,88.9,55.6,2.44,52.0,-,-,-,-,-,-,1.22,59.3,31.0,2355,-,-,-
26,BISONS ECLUB,S13,ES,7,71.4%,0.95,1794,-42,35:48,14.9,15.6,7.1,6.9,14.3,71.4,2.57,53.6,1.14,57.1,0.71,0.1,-397,2.86,1.00,45.2,31.3,2664,3.1,0.75,1.24
27,BK ROG Esports,S13,FR,6,33.3%,0.87,1795,-54,31:24,12.8,14.8,4.5,7.5,-,50.0,2.33,55.6,1.00,58.3,1.50,0.0,-296,2.67,0.50,41.7,33.0,2138,3.1,0.99,1.38
28,Boavista FC,S13,PT,4,0.0%,0.44,1555,-444,30:47,9.3,21.0,1.8,9.5,50.0,25.0,2.00,43.8,0.50,25.0,1.50,-0.5,-2485,2.75,0.00,0.0,28.7,2000,2.5,0.56,1.07
29,BRION,S13,KR,15,46.7%,0.89,1739,-78,33:21,8.9,9.8,5.7,6.7,53.3,40.0,2.20,43.9,0.87,43.3,1.00,-0.4,-952,2.27,0.87,55.1,32.8,1950,3.5,1.50,1.91
30,BRO Challengers,S13,KR,13,7.7%,0.51,1591,-330,31:56,8.0,15.5,2.3,8.5,23.1,30.8,1.54,30.1,0.46,23.1,0.77,-0.2,-1653,2.23,0.23,10.6,30.8,1928,2.7,1.14,1.38
31,BRUTE,S13,CZ,3,33.3%,0.93,1829,72,37:03,13.7,14.7,7.0,7.3,66.7,66.7,3.00,52.1,2.00,100.0,1.00,0.0,1760,8.00,1.67,66.7,31.9,2199,2.7,0.83,1.19
32,Burning Core,S13,JP,5,20.0%,0.79,1768,-77,29:21,9.6,12.2,4.8,7.6,20.0,80.0,1.80,40.0,0.60,30.0,0.80,0.4,830,3.80,0.60,30.0,32.3,1935,2.8,1.21,1.52
33,Byteway Esports,S13,PT,4,75.0%,1.94,1843,173,29:04,15.5,8.0,6.5,3.5,25.0,50.0,2.75,65.0,1.00,50.0,1.50,0.0,1024,3.50,0.75,75.0,31.7,2200,3.1,1.20,1.20
34,Case Esports,S13,ES,6,83.3%,2.25,1900,289,30:09,15.0,6.7,8.8,2.7,83.3,66.7,2.17,50.0,1.67,83.3,0.67,0.3,2054,4.00,0.83,75.0,33.2,2226,3.0,1.11,1.38
35,Chief Esports Club,S13,OCE,5,80.0%,2.56,2054,394,27:28,22.0,8.6,8.0,3.2,60.0,60.0,2.60,77.3,1.60,80.0,1.40,0.2,1683,4.80,0.80,75.0,33.1,2344,2.5,0.92,1.17
36,Cincinnati Fear,S13,NA,12,75.0%,1.58,1924,216,29:20,18.2,11.3,7.9,4.2,58.3,58.3,2.33,63.3,1.00,50.0,1.00,0.4,1272,5.25,0.83,66.7,30.9,2436,2.7,0.79,1.24
37,CLG,S13,NA,4,50.0%,0.58,1756,-85,34:24,7.8,13.0,5.5,7.3,25.0,25.0,2.00,42.5,1.25,62.5,0.50,0.3,-26,4.00,1.00,54.2,33.3,1909,3.2,1.01,1.59
38,CLG Challengers,S13,NA,12,58.3%,1.45,1839,155,35:07,15.8,10.8,7.5,4.9,50.0,66.7,2.83,60.9,1.42,70.8,0.67,0.4,1466,5.58,0.58,43.9,32.4,2402,3.0,0.98,1.24
39,CLG Faith,S13,NA,12,8.3%,0.32,1552,-480,27:48,6.7,20.6,1.9,9.1,41.7,8.3,1.33,36.7,0.33,16.7,0.67,-1.7,-4870,2.17,0.25,31.3,29.6,1880,2.4,0.75,0.95
40,Cloud9,S13,NA,4,75.0%,2.19,1922,251,28:38,17.0,7.8,7.8,3.5,75.0,75.0,2.50,68.8,1.50,75.0,0.75,0.5,1558,5.50,0.50,50.0,33.1,2625,3.4,1.02,1.36
41,Cloud9 Challengers,S13,NA,12,75.0%,2.32,1977,364,30:24,17.8,7.7,8.6,3.3,58.3,75.0,2.92,71.3,1.58,79.2,1.33,0.6,3081,6.50,1.17,90.9,32.7,2624,3.2,1.16,1.43
42,Crest Gaming Act,S13,JP,8,37.5%,0.63,1692,-233,30:02,8.8,13.8,4.6,7.5,37.5,12.5,1.38,28.8,1.13,56.3,0.38,-0.9,-2681,2.75,0.63,37.5,31.3,1694,3.2,1.39,1.40
43,Crvena zvezda Esports,S13,RS,5,60.0%,1.22,1806,107,29:16,12.0,9.8,6.4,4.4,40.0,60.0,2.20,53.3,1.60,80.0,1.00,0.4,1628,5.20,0.60,60.0,32.6,2022,2.9,0.88,1.26
44,Cryptova,S13,CZ,3,33.3%,0.81,1717,-210,31:46,13.0,16.0,4.3,8.7,-,33.3,2.33,47.2,0.67,33.3,0.67,0.0,-1171,3.67,0.33,11.1,30.6,2150,2.4,0.72,1.14
45,CTBC Flying Oyster,S13,PCS,3,66.7%,2.11,1934,259,28:30,12.7,6.0,7.3,4.7,66.7,33.3,2.67,75.0,0.67,33.3,1.33,1.0,2486,4.33,0.67,66.7,34.2,2016,3.0,1.30,1.84
46,Cyber Wolves,S13,RS,5,80.0%,2.91,1935,360,29:21,18.6,6.4,8.6,2.8,100.0,80.0,3.00,69.3,1.80,90.0,1.20,1.0,4663,6.80,1.00,66.7,30.8,2354,2.7,0.89,1.14
47,Cyberground Gaming,S13,IT,4,50.0%,0.94,1849,-3,32:39,16.3,17.3,5.8,7.3,25.0,25.0,1.25,33.3,1.00,50.0,0.50,0.0,-1042,4.00,0.50,33.3,31.3,2740,2.3,0.79,1.16
48,Dark Passage,S13,TR,4,50.0%,1.07,1781,16,36:05,16.0,15.0,7.0,6.5,25.0,50.0,2.50,50.8,0.75,37.5,0.75,0.0,733,4.00,1.50,62.5,29.6,2221,3.1,1.14,1.44
49,Deep Cross Gaming,S13,PCS,3,66.7%,1.15,1758,40,32:46,10.0,8.7,6.0,5.0,66.7,-,3.00,63.3,1.33,66.7,1.33,-0.3,-1342,4.00,0.67,66.7,31.3,2047,3.0,1.22,1.68
50,Detonation FocusMe,S13,JP,6,66.7%,1.36,1949,216,25:09,15.2,11.2,6.3,3.5,33.3,66.7,1.67,61.1,1.50,75.0,1.00,1.3,3020,7.00,0.67,66.7,32.2,2226,2.9,1.22,1.58
51,Dewish Team,S13,PCS,3,33.3%,0.76,1662,-204,30:23,12.7,16.7,4.3,7.3,66.7,-,2.00,43.3,0.33,16.7,0.67,-0.3,-2474,2.00,0.33,33.3,28.6,2384,3.1,1.12,1.46
52,Diamant Esports,S13,RS,5,80.0%,1.45,1915,276,31:10,16.2,11.2,9.0,3.0,40.0,80.0,2.40,55.3,1.20,60.0,1.00,0.4,758,4.80,1.00,80.0,31.0,2487,2.6,0.89,1.26
53,Dignitas,S13,NA,4,0.0%,0.27,1550,-431,29:22,3.8,14.0,2.5,10.3,-,-,0.50,12.5,0.25,12.5,0.00,-1.3,-3784,1.75,0.00,0.0,31.1,1642,2.8,1.02,1.69
54,Dignitas Challengers,S13,NA,12,83.3%,1.32,1917,272,29:11,14.5,11.0,8.0,2.8,50.0,83.3,2.33,61.1,1.08,54.2,1.25,1.3,2998,7.25,0.75,77.8,32.3,2666,2.7,0.89,1.20
55,Dire Wolves,S13,OCE,6,83.3%,2.00,1904,250,31:21,17.3,8.7,8.3,3.3,66.7,66.7,2.50,60.8,1.00,50.0,0.50,0.2,280,3.17,1.17,88.9,31.8,2139,2.7,1.19,1.32
56,DK Challengers,S13,KR,18,72.2%,1.59,1882,164,32:52,14.1,8.8,7.2,4.7,38.9,77.8,2.61,56.6,0.94,47.2,0.78,0.2,1136,4.33,0.89,61.8,35.1,2036,3.2,1.32,1.69
57,Domino Esport,S13,EUW,4,0.0%,0.41,1589,-464,27:11,9.3,22.8,1.8,9.5,25.0,-,0.75,25.0,0.00,0.0,0.50,-0.8,-3496,4.00,0.00,0.0,28.7,1961,2.3,0.76,0.86
58,Dplus KIA,S13,KR,14,64.3%,1.59,1804,98,32:19,11.9,7.5,6.2,4.7,64.3,57.1,2.79,63.6,1.57,78.6,1.07,0.1,1666,5.00,0.71,60.7,32.9,2199,3.6,1.51,1.68
59,DREN Esports,S13,IT,4,0.0%,0.49,1719,-222,38:42,11.3,23.0,5.0,10.3,25.0,25.0,1.75,25.0,0.25,12.5,0.25,-0.3,-1561,2.00,0.75,18.8,31.7,2384,2.6,0.76,1.37
60,DRX,S13,KR,15,33.3%,0.57,1687,-194,31:45,8.7,15.2,4.7,7.4,20.0,46.7,2.07,46.2,0.53,26.7,0.73,0.0,-1461,3.00,0.40,32.1,31.5,2253,3.0,1.35,1.79
61,DRX Challengers,S13,KR,13,46.2%,0.89,1745,-36,34:46,10.5,11.7,6.0,6.6,46.2,69.2,2.77,54.9,1.23,61.5,1.08,0.2,211,3.23,0.69,38.5,32.0,2157,3.2,1.26,1.59
62,Dsyre Esports,S13,IT,4,75.0%,1.01,1870,28,40:03,17.3,17.0,9.3,5.5,50.0,75.0,2.50,51.8,1.25,62.5,0.75,0.3,1771,6.75,1.25,56.3,31.8,2300,3.8,1.29,1.62
63,Dynamo Eclot,S13,CZ,3,100.0%,1.24,1893,219,35:30,19.0,15.3,9.3,3.7,100.0,66.7,3.67,73.3,1.33,66.7,1.00,0.3,1274,4.33,1.00,100.0,32.1,2889,3.1,1.06,1.35
64,E WIE EINFACH E-SPORTS,S13,DE,6,33.3%,0.54,1696,-225,27:47,8.7,16.0,4.2,6.7,33.3,50.0,1.67,35.8,1.00,50.0,0.50,-0.7,-1914,3.17,0.50,41.7,31.6,1848,2.5,0.99,1.02
65,Edward Gaming,S13,CN,6,66.7%,1.09,1851,76,32:06,12.2,11.2,6.7,5.0,33.3,50.0,2.50,62.5,-,-,-,-,-,-,0.83,58.3,32.8,2224,-,-,-
66,EGN Esports,S13,PT,4,50.0%,1.23,1792,121,32:31,13.3,10.8,6.3,5.8,25.0,50.0,2.75,60.4,1.00,50.0,1.00,0.5,1976,3.75,0.50,50.0,30.4,2213,2.7,1.01,1.10
67,Eintracht Frankfurt,S13,DE,6,16.7%,0.58,1645,-301,37:08,10.7,18.5,4.2,9.5,50.0,33.3,2.50,46.2,0.33,16.7,1.17,-0.5,-1889,2.00,0.33,8.3,31.2,2232,2.9,0.83,1.58
68,Eintracht Spandau,S13,DE,6,83.3%,1.09,1875,133,35:57,16.2,14.8,9.2,5.3,33.3,100.0,2.50,54.0,1.33,66.7,0.83,0.3,633,6.50,1.50,88.9,32.6,2829,3.6,1.27,1.54
69,Entropiq,S13,CZ,3,100.0%,2.26,2028,414,32:04,20.3,9.0,9.7,3.3,66.7,33.3,3.00,69.0,0.67,33.3,1.33,0.7,1869,6.00,1.33,88.9,33.2,2434,3.1,1.09,1.20
70,Estral Esports,S13,LAT,4,100.0%,3.95,1999,494,29:25,18.8,4.5,9.5,0.8,50.0,100.0,4.00,93.8,1.75,87.5,1.75,1.0,3421,5.25,1.25,100.0,33.1,2535,3.0,1.10,1.60
71,eSuba,S13,CZ,3,66.7%,1.67,1927,248,30:25,16.7,10.0,9.3,3.7,66.7,66.7,2.00,53.9,1.67,83.3,0.67,1.0,3646,4.00,1.00,66.7,32.2,2095,2.7,0.80,1.02
72,Evil Geniuses,S13,NA,4,75.0%,1.68,1879,224,35:24,15.5,9.0,8.8,4.0,100.0,75.0,3.50,72.9,1.75,87.5,1.50,0.5,3436,5.00,1.00,70.8,32.5,2509,3.6,1.37,1.65
73,Evil Geniuses Challengers,S13,NA,12,50.0%,0.97,1756,-81,29:27,13.5,13.9,6.1,5.9,50.0,41.7,2.33,50.4,1.08,54.2,1.08,-0.2,-1445,4.33,0.58,50.0,30.5,2028,2.6,0.98,1.15
74,Excel Esports,S13,EUW,8,12.5%,0.54,1664,-261,33:49,9.5,17.6,3.4,9.1,50.0,12.5,1.75,33.0,0.88,43.8,0.63,-0.4,-1351,3.88,0.50,25.0,30.2,2426,2.7,0.84,1.26
75,Exeed Poland,S13,PL,7,0.0%,0.35,1584,-399,30:52,6.4,18.6,2.6,9.1,42.9,14.3,0.86,15.4,0.86,42.9,0.14,-1.0,-1844,4.00,0.14,14.3,30.9,1771,2.6,0.75,1.24
76,Falcons,S13,ES,6,66.7%,1.39,1849,179,36:20,13.0,9.3,7.7,5.5,50.0,66.7,3.17,64.3,0.83,41.7,1.00,0.3,1532,3.00,1.00,47.2,32.3,2346,2.5,0.71,1.21
77,FC Schalke 04 Evolution,S13,DE,6,50.0%,1.14,1730,-62,34:37,14.5,12.7,5.0,6.2,33.3,16.7,2.67,51.9,0.67,33.3,0.83,-0.2,-414,3.50,0.67,41.7,30.9,2165,3.1,1.00,1.74
78,FENNEL,S13,JP,4,50.0%,1.31,1749,2,30:50,11.8,9.0,5.3,6.8,75.0,25.0,1.75,48.8,0.50,25.0,0.50,0.0,-461,5.50,0.50,50.0,30.6,1816,2.8,1.26,1.89
79,Fluxo,S13,BR,6,33.3%,1.08,1773,-42,33:53,14.3,13.3,6.3,7.8,50.0,33.3,2.50,51.7,1.00,50.0,0.83,-0.2,-407,3.50,0.83,41.7,29.6,2391,3.3,1.27,1.36
80,Fluxo Academy,S13,BR,4,0.0%,0.51,1666,-285,29:42,9.8,19.3,2.8,9.3,50.0,50.0,1.50,30.0,1.50,75.0,1.00,-0.3,-1419,3.25,0.00,0.0,31.2,2016,2.6,1.19,1.53
81,FLY FAM,S13,NA,12,8.3%,0.67,1613,-293,31:07,10.4,15.6,2.6,9.2,50.0,25.0,0.92,21.4,0.33,16.7,0.50,-0.6,-1472,3.25,0.17,16.7,29.5,1985,2.7,0.81,1.03
82,FlyQuest,S13,NA,4,100.0%,2.70,1949,353,32:10,13.5,4.8,9.8,2.5,75.0,100.0,3.50,82.5,1.25,62.5,0.75,0.5,866,4.50,1.75,100.0,33.9,2275,3.4,1.38,1.79
83,FlyQuest Challengers,S13,NA,12,66.7%,1.11,1864,107,33:31,17.2,15.4,7.7,5.1,58.3,58.3,1.92,46.7,1.17,58.3,0.58,0.3,358,4.83,1.00,64.2,30.3,2448,2.6,0.96,1.16
84,Fnatic,S13,EUW,8,25.0%,0.63,1727,-215,32:09,10.3,16.3,4.6,8.8,-,37.5,1.88,40.8,0.63,31.3,0.50,-0.8,-2433,3.50,0.63,31.3,32.0,2378,3.3,0.92,1.28
85,Fnatic TQ,S13,ES,7,57.1%,1.07,1837,120,33:36,11.1,10.4,6.4,5.0,42.9,85.7,3.14,66.9,1.29,64.3,1.29,0.6,1696,5.57,0.71,57.1,33.9,2252,2.9,1.06,1.32
86,For The Win Esports,S13,PT,4,75.0%,1.46,1920,205,32:08,17.5,12.0,8.5,3.5,50.0,75.0,2.50,47.9,1.75,87.5,0.75,0.5,2890,7.50,1.00,62.5,33.2,2379,3.1,1.07,1.40
87,Forsaken,S13,PL,7,71.4%,1.21,1858,92,33:27,17.0,14.0,7.1,5.1,28.6,57.1,3.43,70.2,0.57,28.6,1.57,0.1,827,4.43,0.71,57.1,32.4,2410,3.2,0.78,1.32
88,Fox Gaming,S13,AL,3,100.0%,1.91,1923,277,33:54,21.7,11.3,9.7,2.7,33.3,66.7,4.00,88.9,1.00,50.0,1.67,0.3,1385,3.00,1.33,66.7,30.3,2900,3.0,0.82,1.49
89,Frank Esports,S13,PCS,3,66.7%,1.28,1796,167,34:01,10.7,8.3,7.3,3.0,33.3,66.7,3.67,73.3,1.00,50.0,1.33,0.0,573,6.33,1.33,83.3,31.9,2232,3.5,1.23,1.58
90,Funplus Phoenix,S13,CN,11,36.4%,0.87,1750,-121,32:50,12.5,14.5,4.9,7.4,27.3,54.5,1.73,35.5,-,-,-,-,-,-,0.45,36.7,31.8,1919,-,-,-
91,FURIA Academy,S13,BR,4,75.0%,1.30,1850,124,33:07,15.0,11.5,8.0,4.8,50.0,25.0,1.75,44.6,0.75,37.5,1.00,-0.3,-132,3.00,1.25,66.7,31.3,2206,3.4,1.33,1.51
92,FURIA Esports,S13,BR,6,33.3%,0.82,1732,-95,35:57,11.7,14.2,5.7,8.5,66.7,50.0,1.83,36.9,1.00,50.0,0.50,-0.2,-387,3.17,0.67,27.8,31.4,1969,3.6,1.57,1.79
93,FUT Esports,S13,TR,4,75.0%,0.86,1722,-10,33:07,9.3,10.8,6.8,5.5,75.0,50.0,2.75,58.3,1.25,62.5,1.00,-0.5,-862,3.25,0.75,37.5,32.3,1765,2.9,1.25,1.47
94,G2 Esports,S13,EUW,8,75.0%,1.54,2034,370,28:32,17.4,11.3,8.1,3.4,25.0,87.5,2.75,81.3,1.75,87.5,1.00,0.5,3266,7.25,1.00,78.6,32.5,2425,3.2,1.04,1.54
95,Galakticos,S13,TR,4,50.0%,0.67,1748,-95,33:54,10.0,15.0,6.5,7.0,25.0,25.0,2.25,40.5,1.00,50.0,0.75,-0.3,-2218,2.00,0.75,50.0,32.3,1869,3.2,1.11,1.26
96,GamerLegion,S13,DE,6,50.0%,1.38,1752,35,33:45,12.8,9.3,6.3,6.0,66.7,50.0,2.33,53.6,0.83,41.7,0.67,0.3,448,3.83,0.67,33.3,31.2,2116,3.1,1.03,1.39
97,Gamespace Mediterranean College Esports,S13,GR,4,0.0%,0.49,1580,-385,29:38,7.8,15.8,2.5,10.0,25.0,25.0,1.00,23.3,0.75,37.5,0.75,-0.8,-2291,3.50,0.50,25.0,30.5,1616,2.9,0.90,1.15
98,GameWard,S13,FR,6,66.7%,1.16,1785,110,37:34,14.7,12.7,7.7,4.2,83.3,16.7,3.17,62.6,1.33,66.7,0.67,-0.5,-571,3.67,1.00,69.4,31.7,2371,3.6,1.10,1.39
99,Geekay Esports,S13,AL,3,100.0%,5.14,2091,551,27:47,24.0,4.7,9.7,1.7,66.7,100.0,3.33,91.7,2.00,100.0,1.67,1.3,5287,10.00,1.00,83.3,31.4,2703,2.9,0.96,1.27
100,Gen.G Challengers,S13,KR,16,31.3%,0.90,1745,-91,31:07,11.4,12.7,4.8,7.3,62.5,25.0,1.69,40.6,0.56,28.1,0.75,-0.4,-1293,2.56,0.63,42.9,32.6,1944,3.4,1.31,1.51
101,Gen.G eSports,S13,KR,14,71.4%,1.49,1910,233,33:33,14.9,9.9,7.9,4.2,57.1,71.4,2.79,60.4,1.29,71.4,0.79,0.4,1190,4.64,1.14,76.9,33.9,2547,3.4,1.32,1.98
102,GG&Esports,S13,IT,4,25.0%,0.65,1687,-224,30:31,11.5,17.8,4.3,7.5,50.0,25.0,1.75,38.8,0.75,37.5,0.50,-0.5,-2595,4.00,1.00,50.0,28.4,2163,2.7,0.92,1.17
103,Giants,S13,ES,7,28.6%,0.82,1754,-72,34:43,10.0,12.1,5.4,7.6,57.1,-,2.29,43.6,0.57,28.6,0.57,-0.3,-955,2.71,0.71,42.9,33.6,2182,3.1,1.18,1.58
104,GnG Esports,S13,AL,3,33.3%,0.86,1756,-141,30:10,14.3,16.7,4.0,6.0,33.3,66.7,1.00,25.0,1.67,83.3,0.33,0.0,-871,3.33,0.33,33.3,30.0,1838,2.8,1.04,1.38
105,Golden Guardians,S13,NA,4,0.0%,0.56,1662,-300,36:43,10.5,18.5,3.3,10.0,50.0,25.0,1.00,18.3,0.25,12.5,0.25,-0.5,-2368,2.50,0.25,12.5,30.9,2260,3.5,1.15,1.58
106,Golden Guardians Challengers,S13,NA,12,58.3%,1.06,1805,-41,30:58,16.5,15.4,6.0,6.1,41.7,41.7,2.42,59.9,0.92,45.8,0.92,-0.3,-1546,3.58,1.00,59.1,29.9,2229,2.6,0.90,1.14
107,Goskilla,S13,PL,7,85.7%,1.70,1958,304,31:15,19.4,11.3,8.3,3.3,71.4,57.1,3.57,76.9,1.00,50.0,1.57,0.3,2004,5.14,1.00,78.6,30.7,2659,2.9,1.01,1.01
108,Ground Zero Gaming,S13,OCE,5,20.0%,0.46,1597,-306,28:11,7.2,15.6,2.6,8.8,80.0,20.0,1.60,40.7,0.60,30.0,1.20,-0.2,-1102,2.60,0.20,20.0,29.8,1832,2.4,0.64,1.08
109,Grypciocraft Esports,S13,PL,7,85.7%,1.59,1972,314,29:53,18.6,11.7,9.3,2.7,71.4,100.0,2.71,65.0,1.43,71.4,1.14,0.4,1666,5.43,1.00,85.7,33.2,2511,2.7,0.96,1.29
110,GTZ Esports,S13,PT,3,100.0%,1.35,1863,268,33:38,16.7,12.0,9.7,1.7,33.3,100.0,1.67,44.4,1.67,83.3,0.33,0.3,87,3.67,2.00,100.0,29.0,2825,2.3,0.79,1.17
111,Guasones,S13,ES,7,0.0%,0.59,1645,-266,36:20,10.0,16.9,3.7,10.0,42.9,42.9,1.43,28.0,0.71,35.7,0.14,-0.3,-892,2.86,0.43,21.4,30.9,1970,2.8,1.00,1.36
112,Hanwha Life eSports,S13,KR,16,50.0%,0.96,1816,33,35:25,10.9,11.3,6.7,6.3,31.3,25.0,2.25,44.7,0.94,50.0,0.88,0.1,-171,4.31,1.00,52.6,33.5,2317,3.7,1.43,1.67
113,HEET,S13,BE,4,0.0%,0.46,1620,-345,30:41,9.5,20.8,2.5,9.0,50.0,50.0,2.00,47.5,0.50,25.0,1.00,-0.3,-1036,3.50,0.00,0.0,29.7,2183,2.7,0.89,1.14
114,HELL PIGS,S13,PCS,3,33.3%,0.78,1739,-101,32:19,10.7,13.7,4.3,7.0,66.7,100.0,2.00,41.7,1.67,83.3,1.67,0.7,987,4.67,0.67,50.0,32.0,1931,2.9,1.34,1.51
115,Hell Zerolag Esports,S13,GR,4,50.0%,0.85,1730,-74,28:57,10.3,12.0,5.8,6.3,75.0,75.0,2.50,52.5,0.25,12.5,1.25,-0.3,-152,4.75,0.50,50.0,31.8,1916,2.2,0.71,1.21
116,Heretics Academy,S13,ES,7,71.4%,1.74,1927,251,31:46,16.4,9.4,8.0,4.1,85.7,71.4,3.00,80.5,1.14,57.1,1.00,0.1,1062,4.57,0.86,64.3,33.1,2432,3.2,1.35,1.41
117,HLE Challengers,S13,KR,17,70.6%,1.65,1856,186,31:30,14.2,8.5,7.5,4.1,52.9,52.9,2.29,54.5,1.29,64.7,0.76,0.2,1093,4.47,1.00,68.8,32.0,2080,3.2,1.24,1.71
118,Illuminar Gaming,S13,PL,7,42.9%,0.96,1739,-38,32:12,12.4,13.0,5.0,6.0,57.1,28.6,2.14,45.7,1.00,50.0,0.86,0.0,-543,4.14,0.43,28.6,31.4,1969,2.9,1.10,1.38
119,Immortals,S13,NA,4,25.0%,0.70,1690,-160,30:44,7.5,10.8,4.5,7.3,50.0,50.0,1.25,26.3,0.75,37.5,0.50,0.0,-1151,3.50,0.25,12.5,32.6,1910,3.6,1.05,1.43
120,Immortals Challengers,S13,NA,12,33.3%,0.77,1780,-120,29:44,13.8,17.9,5.0,7.0,25.0,33.3,1.08,27.8,0.83,41.7,0.33,0.0,20,4.25,0.33,22.7,30.4,2268,2.7,0.86,1.11
121,Impunity,S13,PCS,3,100.0%,2.45,2007,375,30:36,18.0,7.3,10.0,1.3,33.3,66.7,2.67,61.7,1.00,50.0,1.00,0.3,2277,6.33,1.00,66.7,33.0,2608,2.8,1.30,1.51
122,Infinity eSports,S13,LAT,4,50.0%,0.76,1690,-84,31:21,7.3,9.5,5.5,5.3,50.0,25.0,1.75,41.3,0.50,25.0,1.00,-0.5,-1050,3.25,0.75,50.0,32.9,2016,2.8,1.26,1.48
123,Inside Games,S13,CZ,3,0.0%,0.54,1570,-322,33:44,9.7,18.0,2.7,9.0,33.3,100.0,2.00,40.0,0.67,33.3,1.00,0.0,-821,3.67,0.00,0.0,29.2,2142,2.4,0.66,1.27
124,INTZ Academy,S13,BR,4,25.0%,0.42,1629,-268,32:14,6.8,16.0,4.8,8.3,25.0,50.0,1.50,30.0,1.00,50.0,0.50,-0.3,-2134,4.25,0.75,25.0,30.1,2018,3.1,1.37,1.67
125,INTZ e-Sports,S13,BR,6,50.0%,1.16,1830,38,33:14,15.7,13.5,7.3,5.7,33.3,66.7,2.67,55.9,1.17,58.3,0.83,0.7,806,3.83,1.00,55.6,30.6,2356,3.5,1.34,1.69
126,Invictus Gaming,S13,CN,9,77.8%,1.74,1964,253,33:47,18.2,10.4,8.4,4.4,66.7,33.3,2.67,60.7,-,-,-,-,-,-,1.33,77.8,32.7,2579,-,-,-
127,Iron Wolves,S13,PL,7,42.9%,1.20,1733,-49,31:15,13.6,11.3,5.7,5.6,28.6,57.1,2.57,63.3,0.86,50.0,0.86,0.0,-1127,3.71,0.71,58.3,30.0,2015,2.8,0.90,1.31
128,Istanbul Wildcats,S13,TR,4,75.0%,1.38,1900,163,36:21,17.3,12.5,7.0,5.8,75.0,50.0,3.00,63.7,1.25,62.5,1.00,0.8,2108,5.50,0.75,50.0,32.2,2479,3.6,1.34,1.87
129,Isurus,S13,LAT,4,50.0%,0.70,1727,-140,31:56,12.3,17.5,4.8,7.8,75.0,25.0,1.25,30.0,0.75,37.5,0.25,-0.5,-1924,2.75,0.50,37.5,30.6,2184,2.9,1.18,1.15
130,IZI Dream,S13,FR,6,16.7%,0.85,1666,-131,36:33,11.7,13.7,4.7,8.8,66.7,50.0,1.67,32.2,0.33,16.7,0.50,0.0,178,2.50,0.50,30.6,30.6,1924,2.7,1.07,1.41
131,J Team,S13,PCS,3,33.3%,1.14,1660,-60,31:55,10.7,9.3,4.0,7.0,33.3,66.7,1.33,31.7,1.33,66.7,0.33,-0.3,481,5.67,0.33,33.3,28.0,1658,3.3,1.74,1.50
132,JD Gaming,S13,CN,7,85.7%,1.89,1983,341,30:55,16.4,8.7,8.9,3.3,57.1,57.1,2.86,76.7,-,-,-,-,-,-,1.14,72.2,32.7,2605,-,-,-
133,Joblife,S13,FR,8,87.5%,1.39,1850,156,35:06,17.8,12.5,7.8,4.4,50.0,-,2.88,59.6,0.50,25.0,1.25,-0.4,-560,2.00,1.13,72.9,30.3,2336,2.4,0.60,1.22
134,KaBuM! Academy,S13,BR,4,100.0%,3.50,1939,362,31:46,19.3,5.5,10.0,2.8,75.0,75.0,3.50,80.0,1.50,75.0,1.75,1.0,3505,6.00,1.50,100.0,30.2,2545,3.7,1.51,1.33
135,KaBuM! e-Sports,S13,BR,6,66.7%,1.28,1897,227,36:46,16.8,13.2,9.0,4.8,50.0,100.0,3.17,63.8,1.00,50.0,1.33,0.7,1872,5.00,1.50,88.9,31.8,2625,3.6,1.52,1.65
136,Kanga Esports,S13,OCE,5,0.0%,0.39,1532,-445,27:30,6.4,16.4,1.4,9.0,-,20.0,0.20,5.0,0.20,10.0,0.20,-1.4,-3917,1.20,0.00,0.0,30.0,1721,2.5,0.79,1.06
137,Karmine Corp,S13,FR,6,33.3%,0.61,1654,-180,32:21,9.0,14.7,4.5,7.8,33.3,50.0,2.00,41.4,1.17,58.3,0.67,0.3,-1221,4.33,0.33,25.0,30.1,2125,2.8,1.00,1.16
138,KDF Challengers,S13,KR,17,35.3%,0.72,1718,-128,30:27,10.0,13.9,5.2,6.4,41.2,64.7,2.12,47.6,1.29,64.7,1.00,0.3,390,4.24,0.53,32.3,31.3,2079,2.9,1.21,1.34
139,Klanik Esport,S13,FR,8,75.0%,1.25,1781,101,34:53,13.6,10.9,7.1,4.5,37.5,62.5,2.63,49.7,1.38,68.8,0.25,0.1,248,5.25,1.00,64.3,30.5,2184,2.9,1.12,1.25
140,KOI,S13,EUW,8,37.5%,0.75,1687,-140,34:38,9.5,12.8,4.9,7.5,87.5,37.5,1.75,39.0,0.75,37.5,0.63,-0.5,-827,4.75,0.50,26.2,31.6,2053,3.2,0.87,1.38
141,KOI Academy,S13,ES,7,42.9%,1.03,1758,5,35:49,11.4,11.1,7.1,7.1,57.1,28.6,1.57,37.1,0.86,42.9,0.71,-0.1,-241,2.86,0.86,57.1,31.9,1786,3.1,1.11,1.31
142,Komil & Friends,S13,PL,7,14.3%,0.53,1658,-317,31:34,11.0,20.6,3.0,9.3,42.9,28.6,1.71,35.3,0.43,21.4,1.14,-0.1,-2302,3.00,0.29,14.3,29.4,1953,2.8,0.87,1.36
143,KRC Genk Esports,S13,BE,4,75.0%,1.60,1935,244,32:38,16.8,10.3,9.5,2.8,50.0,100.0,2.50,49.2,1.50,75.0,1.00,0.3,1487,6.25,1.50,75.0,31.9,2422,2.7,1.06,1.39
144,KT Challengers,S13,KR,17,70.6%,1.39,1832,149,33:47,13.9,10.0,7.5,5.2,64.7,52.9,3.18,67.6,1.06,52.9,0.94,-0.1,660,4.53,0.94,66.7,32.3,2176,3.3,1.46,1.51
145,KT Rolster,S13,KR,15,53.3%,1.27,1811,68,30:53,10.4,8.2,6.1,5.2,60.0,66.7,2.07,49.6,1.00,50.0,0.53,0.2,647,4.60,0.60,53.6,34.1,1933,3.0,1.36,1.74
146,Kwangdong Freecs,S13,KR,14,28.6%,0.65,1704,-132,33:35,7.7,11.8,4.6,7.2,35.7,28.6,2.00,41.4,0.93,46.4,0.64,-0.4,-1094,4.43,0.29,23.1,33.1,2064,3.4,1.45,1.70
147,LDLC OL,S13,FR,6,83.3%,1.33,1857,151,37:39,14.2,10.7,8.3,4.8,50.0,50.0,3.00,51.7,0.33,16.7,0.67,0.0,298,3.50,1.83,83.3,33.0,2183,2.9,1.07,1.43
148,Levante UD Esports,S13,ES,6,50.0%,1.28,1843,75,36:04,17.7,13.8,7.0,5.3,83.3,83.3,2.83,57.0,0.83,41.7,0.83,-0.2,911,4.00,1.50,61.1,29.9,2333,2.9,1.14,1.09
149,LEX esports,S13,ES,6,33.3%,0.89,1709,-73,33:06,10.8,12.2,5.5,7.7,66.7,50.0,1.50,28.8,1.67,83.3,0.17,0.0,309,4.83,0.17,10.0,31.4,1975,3.1,1.06,1.26
150,LGD Gaming,S13,CN,8,37.5%,0.85,1748,-53,35:00,9.8,11.5,5.3,7.4,25.0,50.0,2.00,40.3,-,-,-,-,-,-,0.88,45.8,32.7,2285,-,-,-
151,Liberty,S13,BR,6,50.0%,0.68,1743,-121,37:00,12.8,18.8,6.2,7.7,50.0,66.7,2.83,53.1,0.67,33.3,1.33,0.0,-668,3.67,0.83,41.7,30.4,2269,3.8,1.35,1.72
152,Liberty Academy,S13,BR,4,25.0%,0.88,1757,-114,33:55,15.3,17.3,4.5,8.5,25.0,50.0,2.00,39.6,0.25,12.5,0.25,-0.3,-906,2.75,0.25,25.0,30.4,2387,3.3,1.33,1.25
153,Liiv SANDBOX,S13,KR,16,56.3%,0.94,1748,-47,34:13,10.0,10.6,5.8,6.5,62.5,43.8,2.50,50.4,0.88,43.8,1.19,-0.1,-416,2.56,0.63,44.4,33.1,2062,3.9,1.67,1.80
154,Lille Esport,S13,FR,8,50.0%,0.68,1795,-48,30:35,11.8,17.3,6.3,5.9,37.5,75.0,1.75,40.6,1.13,56.3,0.88,0.3,-190,5.00,0.38,42.9,31.8,2049,2.6,0.95,1.16
155,LNG Esports,S13,CN,6,100.0%,2.00,1944,266,32:04,17.0,8.5,8.8,3.3,33.3,66.7,3.17,65.0,-,-,-,-,-,-,1.17,83.3,33.6,2317,-,-,-
156,Los Grandes,S13,BR,6,83.3%,1.60,1927,266,34:35,18.7,11.7,8.5,3.8,50.0,33.3,3.00,63.9,1.00,50.0,1.00,-0.5,-54,5.83,1.33,77.8,32.1,2667,3.0,1.23,1.63
157,Los Grandes Academy,S13,BR,4,50.0%,1.22,1718,-80,33:28,16.8,13.8,5.5,7.3,25.0,-,1.75,35.0,0.50,25.0,0.75,-0.3,-1384,2.75,0.75,50.0,28.0,2260,3.3,1.57,1.40
158,LOUD,S13,BR,6,50.0%,0.82,1771,-51,32:14,12.8,15.7,5.7,7.3,33.3,33.3,2.00,53.3,0.83,41.7,1.00,-0.2,-567,4.17,0.33,20.0,31.3,2301,3.5,1.47,1.42
159,LOUD Academy,S13,BR,4,25.0%,0.59,1736,-121,35:17,11.3,19.0,5.5,8.3,75.0,25.0,2.75,50.8,1.00,50.0,0.75,0.0,194,4.25,0.75,33.3,30.1,2326,2.9,1.14,1.43
160,LSB Challengers,S13,KR,15,33.3%,0.83,1735,-99,34:51,13.9,16.7,5.5,7.5,66.7,26.7,1.93,39.6,0.80,40.0,0.73,-0.2,-1096,2.53,0.67,43.3,30.2,2339,2.8,1.26,1.54
161,Macko Esports,S13,IT,4,75.0%,1.18,1905,210,32:32,16.5,14.0,7.8,3.5,50.0,75.0,3.00,72.5,1.50,75.0,1.00,0.0,1125,6.00,1.25,75.0,31.8,2782,2.8,0.74,1.26
162,MAD Lions,S13,EUW,8,75.0%,1.42,1883,197,30:03,13.9,9.8,8.3,4.3,50.0,62.5,3.00,75.6,1.38,68.8,1.25,0.4,1205,5.63,0.63,57.1,32.3,2293,2.9,1.05,1.34
163,MAGAZA,S13,RS,5,60.0%,0.99,1839,153,34:22,13.6,13.8,7.0,4.8,40.0,60.0,3.00,59.3,1.00,50.0,1.20,0.2,-123,4.60,1.20,86.7,30.6,2263,2.7,0.84,1.39
164,MAMMOTH,S13,OCE,5,20.0%,0.52,1637,-348,23:39,8.4,16.2,2.2,7.2,40.0,20.0,1.20,35.0,1.00,50.0,0.80,0.0,-2052,3.00,0.20,33.3,29.2,1818,2.4,0.82,0.91
165,mCon LG UltraGear,S13,BE,4,75.0%,1.34,1795,103,35:02,16.8,12.3,7.0,5.3,100.0,75.0,2.50,50.0,1.25,62.5,0.75,-0.3,437,3.75,1.50,91.7,29.5,2358,2.6,0.86,1.15
166,MOUZ,S13,DE,6,66.7%,1.16,1787,85,31:32,11.0,9.5,7.0,4.8,33.3,66.7,2.83,60.6,1.33,75.0,1.00,0.7,1156,4.50,0.83,66.7,32.4,2073,2.9,0.96,1.43
167,Movistar R7,S13,LAT,4,100.0%,3.48,2063,559,26:52,18.3,5.3,9.8,1.3,75.0,75.0,2.50,76.7,1.50,87.5,1.00,0.8,3520,5.25,1.00,100.0,34.5,2429,3.1,1.25,1.33
168,Movistar Riders,S13,ES,7,71.4%,1.58,1942,229,33:26,17.1,10.9,8.3,4.6,71.4,71.4,3.29,75.5,1.14,57.1,1.14,0.0,1207,5.00,1.43,78.6,34.2,2113,3.2,1.02,1.50
169,MS Company,S13,FR,8,0.0%,0.49,1577,-353,33:26,8.6,17.8,2.1,9.6,75.0,12.5,1.63,32.9,0.50,25.0,0.88,-0.6,-1798,2.88,0.25,12.5,29.4,1922,2.0,0.62,1.12
170,NASR eSports Turkey,S13,TR,4,25.0%,0.80,1785,-58,37:58,12.3,15.3,6.3,6.3,25.0,50.0,2.25,37.9,0.75,37.5,0.75,-0.8,-906,2.75,1.50,62.5,32.8,2162,3.3,1.31,1.73
171,Nativz,S13,EUW,4,0.0%,0.57,1539,-365,33:05,7.8,13.5,2.3,9.8,50.0,50.0,1.00,20.8,0.50,25.0,0.75,0.0,-2731,2.25,0.25,12.5,28.9,1651,2.7,1.14,1.33
172,Nigma Galaxy Male,S13,AL,3,66.7%,1.11,1922,135,35:31,19.7,17.7,7.3,5.7,66.7,-,2.33,52.8,0.67,33.3,0.33,-0.3,-355,3.00,1.00,66.7,32.0,2834,2.6,0.91,1.10
173,Ninjas in Pyjamas,S13,CN,9,33.3%,0.86,1753,-100,30:12,11.6,13.4,5.6,6.7,66.7,44.4,1.89,44.1,-,-,-,-,-,-,0.44,37.0,31.2,2320,-,-,-
174,NNO Prime,S13,DE,6,33.3%,1.04,1727,-91,34:24,12.7,12.2,4.7,7.7,66.7,50.0,1.83,41.7,0.50,25.0,0.83,0.3,646,3.83,0.67,33.3,31.5,2280,3.1,1.07,1.56
175,Nongshim RedForce,S13,KR,15,26.7%,0.91,1708,-151,31:33,9.8,10.7,3.9,7.5,46.7,33.3,1.53,35.2,0.87,46.7,0.80,-0.5,-915,2.40,0.13,13.6,32.9,1961,3.2,1.50,1.58
176,Nord Esports,S13,EUW,4,100.0%,3.35,1991,467,27:14,16.8,5.0,9.8,1.3,75.0,50.0,2.25,70.8,1.75,87.5,0.50,0.5,2412,5.25,0.75,75.0,33.3,2390,2.9,0.94,1.05
177,Northern Lions,S13,BE,4,50.0%,0.97,1768,-59,36:28,16.8,17.3,6.5,6.5,50.0,25.0,2.50,45.0,1.25,62.5,1.00,0.0,-728,4.50,1.25,50.0,30.4,2187,2.3,0.82,1.27
178,NS Challengers,S13,KR,17,64.7%,0.98,1811,16,33:30,13.5,13.8,6.8,5.6,52.9,35.3,2.29,48.7,1.00,50.0,0.76,-0.3,-842,2.41,1.06,66.7,32.2,2241,3.1,1.43,1.67
179,Odivelas Sports Club,S13,PT,3,33.3%,0.71,1681,-137,30:06,12.0,17.0,3.7,6.3,66.7,66.7,2.00,50.0,0.33,16.7,1.00,0.0,-692,2.67,0.67,33.3,29.4,2062,2.5,0.81,1.51
180,OMG,S13,CN,6,66.7%,1.07,1830,62,33:40,13.5,12.7,7.0,5.3,50.0,33.3,2.17,45.4,-,-,-,-,-,-,1.00,85.0,32.5,2265,-,-,-
181,paiN Academy,S13,BR,4,25.0%,0.86,1779,-42,34:26,14.8,17.3,5.8,8.3,50.0,100.0,2.00,42.5,0.75,37.5,0.50,0.0,947,4.25,0.75,33.3,30.8,2359,3.4,1.37,1.34
182,paiN Gaming,S13,BR,6,33.3%,0.65,1673,-205,31:19,9.8,15.2,4.2,6.8,16.7,33.3,0.67,13.9,0.67,33.3,0.33,-0.7,-1577,3.83,0.33,25.0,31.6,1989,3.3,1.62,1.66
183,Panathinaikos AC eSports,S13,GR,4,25.0%,0.59,1603,-409,28:30,10.8,18.3,3.5,8.0,-,-,1.50,35.0,0.75,37.5,0.50,-0.8,-3888,2.25,0.00,0.0,27.9,2088,2.9,1.04,1.17
184,Papara SuperMassive,S13,TR,4,75.0%,2.42,1946,295,31:41,15.8,6.5,9.5,3.8,75.0,100.0,3.25,78.8,1.50,75.0,1.50,1.0,2909,5.75,1.25,87.5,33.5,2059,2.7,1.09,1.63
185,Partizan Esports,S13,RS,5,100.0%,2.63,1903,374,30:34,15.8,6.0,8.6,2.0,60.0,80.0,3.40,74.7,1.00,50.0,1.40,0.4,1627,4.20,1.00,80.0,32.8,2263,2.6,0.93,1.27
186,Pentagon Rejects,S13,GR,4,25.0%,0.84,1817,-20,31:51,13.3,15.8,5.3,6.5,50.0,75.0,2.50,57.1,0.75,37.5,1.25,0.3,902,5.25,1.00,58.3,31.1,2213,2.7,0.87,1.51
187,Pentanet.GG,S13,OCE,5,80.0%,1.29,1932,286,28:53,13.2,10.2,9.0,3.6,40.0,80.0,2.00,58.3,0.80,40.0,0.60,0.4,2264,5.60,1.20,73.3,31.9,2124,2.6,1.07,1.42
188,Project Conquerors,S13,FR,8,37.5%,1.14,1739,-67,31:27,14.3,12.5,5.1,6.8,75.0,37.5,2.50,52.2,1.38,68.8,1.00,0.1,473,4.25,0.50,35.4,30.2,1880,2.7,1.05,1.14
189,PSG Talon,S13,PCS,3,66.7%,1.17,1702,42,36:06,11.3,9.7,6.3,5.0,66.7,33.3,2.33,46.7,1.00,50.0,0.67,0.0,-42,3.67,1.00,66.7,30.3,1948,3.3,1.53,2.52
190,RA AD,S13,AL,3,33.3%,0.55,1696,-197,33:34,11.0,20.0,6.0,7.7,-,33.3,1.33,25.0,1.00,50.0,0.33,-0.7,-699,2.67,1.00,33.3,30.5,2443,2.9,0.80,1.31
191,Ramboot Club,S13,ES,6,66.7%,1.07,1857,102,35:02,14.8,13.8,8.2,6.2,66.7,33.3,2.83,54.5,1.33,66.7,1.00,0.0,-17,3.33,1.17,69.4,32.3,2051,2.4,0.87,1.21
192,Rare Atom,S13,CN,9,44.4%,0.74,1772,-106,32:48,11.7,15.8,5.1,7.1,66.7,22.2,1.67,34.1,-,-,-,-,-,-,0.78,35.2,32.0,2400,-,-,-
193,Rebels Gaming,S13,ES,7,71.4%,1.14,1803,40,33:53,12.6,11.0,7.1,5.4,57.1,28.6,2.14,41.3,1.29,64.3,0.57,-0.3,108,3.43,1.00,50.0,31.9,2091,3.2,1.22,1.38
194,RED Academy,S13,BR,4,75.0%,1.02,1828,168,32:44,12.0,11.8,9.3,4.5,50.0,50.0,3.50,82.1,1.25,62.5,1.50,0.0,479,4.50,1.25,91.7,31.9,2138,3.7,1.52,1.54
195,RED Canids,S13,BR,6,83.3%,1.94,1854,189,31:36,16.8,8.5,7.7,3.8,83.3,33.3,3.00,65.6,1.67,83.3,0.83,0.0,691,4.50,1.00,66.7,31.4,2288,3.2,1.25,1.44
196,Riddle Esports,S13,EUW,4,100.0%,4.14,1944,382,32:21,14.5,3.5,9.8,2.5,50.0,25.0,3.25,73.8,2.00,100.0,0.75,0.0,1398,3.75,1.25,100.0,35.0,1787,2.8,1.20,1.43
197,Royal Never Give Up,S13,CN,8,25.0%,0.58,1700,-171,30:29,8.1,14.1,4.8,7.3,50.0,87.5,1.50,33.1,-,-,-,-,-,-,0.25,14.3,32.0,1909,-,-,-
198,Ruddy Esports,S13,EUW,4,75.0%,1.82,1899,258,33:01,17.3,9.5,8.5,3.3,50.0,75.0,2.75,59.6,1.50,75.0,0.75,0.5,2068,4.75,1.25,62.5,32.3,2449,3.1,0.69,1.11
199,SEM9 WPE,S13,PCS,3,0.0%,0.35,1557,-453,32:16,7.3,20.7,1.0,10.0,33.3,33.3,1.00,20.0,0.67,33.3,0.33,-1.0,-3427,3.00,0.00,0.0,29.3,2020,3.9,1.22,1.66
200,Sengoku Gaming,S13,JP,4,100.0%,3.70,2006,430,28:08,18.5,5.0,9.3,2.5,75.0,75.0,3.75,100.0,0.75,37.5,1.50,0.0,1264,6.50,1.00,100.0,32.9,2644,2.9,0.97,1.21
201,seQura ZEST,S13,ES,6,16.7%,0.64,1629,-257,32:05,9.3,14.5,3.7,8.5,50.0,50.0,2.00,45.8,1.00,50.0,1.17,0.0,-450,3.33,0.67,40.0,30.2,1811,2.9,0.77,1.24
202,SINNERS Esports,S13,CZ,3,66.7%,1.51,1816,131,32:13,19.7,13.0,6.7,5.0,33.3,33.3,1.33,36.7,1.00,50.0,0.00,-0.3,-1111,2.00,0.67,66.7,29.8,2694,2.7,1.09,1.19
203,Six Karma,S13,LAT,5,80.0%,1.83,1855,185,33:03,13.2,7.0,8.4,4.4,60.0,80.0,2.80,56.0,1.80,90.0,0.80,0.4,2058,6.20,1.00,70.0,33.7,2187,2.8,1.31,1.49
204,SK Gaming,S13,EUW,8,62.5%,1.37,1796,39,33:39,14.8,10.8,7.9,5.8,37.5,50.0,2.13,44.2,1.00,50.0,0.88,-0.1,43,3.75,1.00,56.3,31.0,2386,3.5,1.20,1.36
205,SK Gaming Prime,S13,DE,6,50.0%,1.16,1888,166,37:31,18.2,15.7,7.7,5.5,50.0,50.0,2.17,46.2,1.17,58.3,0.50,0.0,216,3.33,1.50,86.1,32.0,2545,3.4,1.21,1.57
206,SoftBank Hawks Gaming,S13,JP,7,85.7%,1.75,1903,334,31:20,12.7,7.3,9.6,2.7,85.7,85.7,3.00,82.1,1.57,78.6,1.57,0.6,2745,6.00,1.00,78.6,31.3,2171,3.8,1.22,1.64
207,Solary,S13,FR,6,50.0%,0.95,1846,111,31:50,11.5,12.2,7.2,4.8,50.0,66.7,2.00,44.9,1.33,66.7,0.83,0.2,1663,5.67,1.00,58.3,32.2,2172,3.0,1.07,1.24
208,T1,S13,KR,16,68.8%,1.18,1873,173,31:17,12.3,10.1,7.8,3.8,68.8,87.5,2.69,65.0,0.94,46.9,1.06,0.6,1559,6.19,1.06,78.3,32.7,2325,3.6,1.43,1.63
209,T1 Challengers,S13,KR,17,52.9%,0.95,1786,55,34:23,10.4,10.9,7.1,6.1,47.1,58.8,2.47,54.0,1.24,61.8,1.18,0.1,783,5.18,0.65,50.0,32.4,2140,3.5,1.29,1.71
210,Team 7AM,S13,BE,4,50.0%,1.00,1811,-34,34:59,17.8,17.8,6.5,5.3,50.0,50.0,3.00,59.5,1.75,87.5,0.75,0.0,1063,5.50,0.75,25.0,30.1,2683,2.8,0.89,1.18
211,Team Aze,S13,LAT,4,0.0%,0.55,1642,-270,33:53,8.3,15.0,3.5,9.5,25.0,50.0,1.75,35.0,1.00,50.0,0.50,0.0,-448,1.75,0.25,12.5,32.0,1940,3.3,1.34,1.51
212,Team BDS,S13,EUW,8,50.0%,1.52,1794,45,38:36,16.9,11.1,7.6,7.3,87.5,50.0,3.00,54.9,0.50,25.0,1.25,0.6,526,4.13,1.25,68.8,31.4,2217,2.8,1.04,1.73
213,Team BDS Academy,S13,FR,6,50.0%,0.93,1787,-8,29:22,10.3,11.2,6.0,5.5,33.3,50.0,2.83,68.1,0.83,41.7,1.33,-0.5,-2511,3.50,0.50,60.0,32.6,2237,3.1,1.21,1.37
214,Team Bliss,S13,OCE,5,60.0%,0.96,1900,119,28:34,14.8,15.4,7.0,4.4,60.0,80.0,2.60,70.7,1.60,90.0,1.40,0.8,2787,7.00,0.80,50.0,32.1,2383,2.5,0.87,1.20
215,Team du Sud,S13,FR,8,87.5%,2.71,1915,313,30:12,17.6,6.5,8.6,3.1,37.5,62.5,3.25,83.1,0.88,43.8,1.13,0.1,1229,3.63,0.88,68.8,32.0,2288,2.6,0.94,1.19
216,Team ESCA Gaming,S13,PL,7,28.6%,0.70,1715,-181,33:11,11.6,16.4,4.7,8.0,28.6,28.6,1.57,31.4,1.14,57.1,0.57,-0.6,-1666,3.86,0.71,42.9,30.1,1871,2.2,0.57,1.39
217,Team GO,S13,FR,6,50.0%,1.13,1785,2,35:54,15.0,13.3,6.3,6.5,83.3,66.7,1.83,35.5,1.17,58.3,0.50,-0.2,544,2.83,1.00,47.2,31.7,2151,3.2,1.10,1.53
218,Team Heretics,S13,EUW,8,50.0%,0.92,1864,-36,32:31,16.1,17.5,7.5,6.8,37.5,37.5,2.38,50.0,1.25,62.5,0.63,0.1,-1307,5.13,1.25,66.7,30.9,2563,3.1,1.08,1.56
219,Team Liquid,S13,NA,4,50.0%,1.00,1812,20,34:36,14.3,14.3,6.8,5.8,50.0,75.0,2.75,59.6,1.75,87.5,0.75,0.5,2112,7.00,0.50,50.0,32.2,2428,3.0,1.35,1.94
220,Team Liquid Challengers,S13,NA,12,75.0%,1.62,1965,294,30:49,17.3,10.7,8.7,4.5,75.0,91.7,2.83,69.0,1.67,83.3,1.00,0.7,2366,6.58,1.00,78.3,31.8,2232,3.1,1.12,1.19
221,Team Liquid First,S13,NA,12,25.0%,0.62,1716,-240,28:58,11.4,18.4,3.8,8.0,50.0,33.3,1.50,39.0,0.92,45.8,0.50,-0.2,-601,4.33,0.17,16.7,31.2,2125,2.5,0.58,0.98
222,Team Phantasma,S13,GR,4,75.0%,1.91,1998,365,27:12,16.8,8.8,7.8,2.8,75.0,100.0,2.50,68.8,1.75,87.5,1.25,1.3,2971,6.00,0.75,75.0,33.0,2199,2.7,1.04,1.58
223,Team Sampi,S13,CZ,3,0.0%,0.20,1532,-552,24:52,4.0,20.0,1.3,9.7,33.3,-,0.67,27.8,0.00,0.0,0.33,-1.7,-5446,1.67,0.00,0.0,29.0,1450,1.9,0.45,0.96
224,Team Vitality,S13,EUW,8,75.0%,1.20,1892,115,33:35,15.8,13.1,8.3,5.6,50.0,50.0,2.50,49.6,1.00,50.0,0.88,0.1,1288,4.63,0.75,57.1,33.3,2465,3.0,1.01,1.72
225,Team WE,S13,CN,9,44.4%,1.02,1816,-14,35:04,12.9,12.7,6.3,6.3,44.4,55.6,2.67,59.8,-,-,-,-,-,-,1.11,56.5,32.3,2278,-,-,-
226,The Agency,S13,BE,4,50.0%,0.98,1719,-47,33:34,14.3,14.5,4.5,7.5,25.0,25.0,1.50,38.4,0.00,0.0,0.75,0.3,-1351,3.25,0.75,50.0,28.5,2370,2.6,0.83,1.04
227,The Kings,S13,LAT,4,0.0%,0.43,1599,-381,32:35,8.3,19.0,2.8,10.3,50.0,25.0,1.75,35.0,0.50,25.0,0.50,-0.5,-2680,2.50,0.25,12.5,30.0,1901,3.2,1.20,1.25
228,Top Esports,S13,CN,10,70.0%,1.52,1853,131,27:40,13.5,8.9,5.9,4.5,30.0,60.0,2.30,65.5,-,-,-,-,-,-,0.70,70.0,31.8,2218,-,-,-
229,Triple Esports,S13,AL,3,33.3%,0.74,1794,-95,31:03,13.0,17.7,6.0,7.7,66.7,66.7,1.67,41.7,0.67,33.3,1.00,0.3,-275,4.67,1.00,50.0,30.0,2490,2.7,0.66,1.21
230,TSM,S13,NA,4,50.0%,0.73,1716,-141,32:18,10.0,13.8,5.3,8.0,-,-,2.00,41.7,0.00,0.0,1.00,-0.8,-3668,1.00,0.75,50.0,30.3,2251,3.3,1.01,1.52
231,TSM Challengers,S13,NA,12,25.0%,0.82,1788,-117,31:25,14.3,17.5,5.4,7.3,58.3,66.7,1.67,40.6,1.50,75.0,0.83,0.3,612,6.50,0.42,25.0,30.7,2212,2.8,0.85,1.16
232,TT,S13,CN,7,28.6%,0.75,1740,-141,35:40,11.4,15.1,4.6,7.9,71.4,14.3,2.71,52.4,-,-,-,-,-,-,0.43,21.4,31.8,2406,-,-,-
233,UCAM Tokiers,S13,ES,7,28.6%,0.66,1709,-214,30:54,10.9,16.4,4.0,7.6,42.9,57.1,1.43,34.3,1.14,57.1,0.43,0.1,-701,3.57,0.71,35.7,31.7,1937,2.8,1.05,1.19
234,Ultra Prime,S13,CN,8,37.5%,0.70,1704,-148,32:22,10.1,14.5,4.4,7.4,50.0,12.5,2.38,53.3,-,-,-,-,-,-,0.38,42.9,31.5,2017,-,-,-
235,Unicorns Of Love Sexy Edition,S13,DE,6,83.3%,1.70,1962,254,28:34,15.3,9.0,8.0,3.7,66.7,50.0,2.33,55.8,1.17,58.3,1.17,-0.3,-232,4.33,0.83,66.7,34.5,2464,3.1,0.91,1.65
236,UniQ Esports Club,S13,EUW,4,25.0%,0.45,1629,-274,28:56,7.5,16.5,3.5,8.0,-,50.0,2.00,52.5,0.25,12.5,1.50,-0.8,-2282,2.50,0.50,37.5,30.5,1947,2.2,0.73,0.96
237,V3 Esports,S13,JP,6,0.0%,0.50,1548,-465,28:50,9.3,18.8,1.5,9.2,50.0,16.7,0.83,16.7,0.33,25.0,0.33,-1.2,-3965,1.33,0.33,11.1,27.4,1835,2.7,1.30,1.23
238,Valiance,S13,RS,5,20.0%,0.67,1626,-217,29:30,8.0,12.0,3.8,7.6,40.0,20.0,1.60,34.7,0.60,30.0,0.40,-0.4,-1192,2.60,0.40,20.0,31.4,1853,2.3,0.97,1.22
239,Vanir,S13,EUW,4,25.0%,0.93,1790,-21,31:54,14.3,15.3,5.0,7.8,75.0,75.0,1.75,43.3,1.50,75.0,0.75,0.5,2922,6.00,0.25,25.0,30.8,2102,2.6,0.84,1.38
240,Varona Esports,S13,PT,4,25.0%,0.59,1621,-232,32:13,9.8,16.5,2.3,8.3,75.0,-,2.00,39.6,0.50,25.0,0.75,-0.8,-3197,2.50,0.75,37.5,29.6,2077,2.6,1.15,1.40
241,Verdant,S13,EUW,4,75.0%,0.90,1755,16,32:58,11.3,12.5,7.3,5.8,75.0,75.0,2.50,54.2,0.50,25.0,0.75,0.0,-293,3.75,1.50,87.5,30.9,2061,2.9,1.01,0.98
242,Villarreal QLASH,S13,ES,6,50.0%,0.68,1725,-108,30:44,10.8,15.8,4.8,6.8,-,-,2.17,51.1,0.17,8.3,1.00,-0.8,-2815,3.33,0.67,41.7,32.1,1950,2.8,1.07,1.48
243,Vitality.Bee,S13,FR,6,83.3%,1.54,1882,154,37:10,18.5,12.0,8.2,5.3,50.0,50.0,2.83,62.7,1.50,75.0,0.67,0.3,1962,4.50,1.00,53.3,32.3,2328,2.9,0.82,1.40
244,ViV Esport,S13,FR,8,37.5%,0.77,1797,-37,31:48,11.1,14.4,5.9,6.1,50.0,75.0,2.13,43.5,1.13,56.3,0.88,0.3,794,4.25,0.63,41.7,32.8,1993,2.9,0.95,1.09
245,Vivo Keyd Stars,S13,BR,6,16.7%,0.67,1648,-205,34:22,11.2,16.7,4.0,8.2,66.7,50.0,2.00,41.9,1.00,50.0,0.67,0.3,291,4.17,0.67,40.0,29.8,1965,3.1,1.59,1.57
246,Vivo Keyd Stars Academy,S13,BR,4,100.0%,1.86,1954,254,38:52,22.8,12.3,10.5,4.8,75.0,75.0,3.75,65.4,1.50,75.0,1.00,0.3,853,5.50,1.75,75.0,30.8,2837,3.4,1.27,1.61
247,Webidoo Gaming,S13,IT,4,25.0%,1.26,1670,-156,32:32,13.3,10.5,3.5,8.5,75.0,-,2.00,40.7,0.75,37.5,0.75,-0.3,-736,2.50,0.25,25.0,30.3,1930,3.0,0.94,1.28
248,Weibo Gaming,S13,CN,8,62.5%,1.34,1883,165,30:33,14.9,11.0,6.8,4.5,37.5,37.5,2.25,55.2,-,-,-,-,-,-,1.00,66.7,32.7,2315,-,-,-
249,White Dragons,S13,PT,4,50.0%,1.33,1803,79,31:55,13.3,10.0,7.0,5.8,75.0,50.0,1.75,47.5,1.25,62.5,0.25,0.0,246,3.00,1.00,50.0,31.4,2128,2.9,0.97,1.45
250,Wild Panthers Esports,S13,GR,4,50.0%,0.82,1735,-176,26:01,10.5,12.8,5.0,6.5,25.0,-,1.00,26.7,1.00,50.0,0.25,-1.3,-3304,1.75,0.50,50.0,31.4,1853,2.3,0.86,1.16
251,Wildcard Gaming,S13,NA,12,66.7%,1.02,1857,27,31:20,15.3,14.8,6.0,5.8,41.7,33.3,2.50,57.9,0.67,33.3,1.17,-0.6,-1145,3.67,1.00,59.7,31.8,2528,2.7,0.60,1.13
252,Wizards Club,S13,ES,6,83.3%,2.15,1889,250,32:44,16.8,7.8,9.5,3.5,50.0,100.0,3.50,73.7,1.17,58.3,1.17,0.2,803,5.00,1.17,91.7,32.0,2500,2.7,0.96,1.42
253,WLGaming Esports,S13,GR,4,75.0%,1.34,1898,235,28:59,15.8,11.8,7.3,3.5,50.0,50.0,2.00,62.5,1.25,62.5,1.25,0.5,1417,6.00,0.50,50.0,32.0,2498,2.8,1.06,1.31
254,XtremeDominators,S13,RS,5,0.0%,0.22,1462,-633,24:01,4.4,19.6,0.4,10.6,60.0,-,0.40,13.3,0.20,10.0,0.40,-1.8,-5365,3.00,0.00,0.0,28.2,1456,2.0,0.56,0.62
255,ZennIT Gaming,S13,BE,4,25.0%,0.68,1728,-102,35:21,12.5,18.5,5.0,8.3,25.0,25.0,2.25,39.6,1.00,50.0,0.75,0.0,-122,3.25,0.50,33.3,30.9,2148,3.0,0.84,1.11
256,Zero Tenacity,S13,PL,7,85.7%,1.79,1998,340,30:16,19.1,10.7,8.3,2.9,85.7,85.7,1.86,43.8,1.57,78.6,0.86,1.3,4207,7.29,1.00,83.3,31.7,2518,3.0,0.95,1.29
257,ZETA,S13,ES,6,33.3%,0.52,1662,-254,34:25,7.5,14.5,4.0,9.8,16.7,-,1.33,28.1,0.67,33.3,1.17,0.0,-1593,1.17,0.50,22.2,31.5,1660,2.9,0.94,1.27
